,Fund Name,P1,P2,P3,P4,P5,score,Rank
0,M1,0.84,0.71,6.7,42.1,12.59,0.578388729890498,3
1,M2,0.91,0.83,7.0,31.7,10.11,0.47946938986553395,7
2,M3,0.79,0.62,4.8,46.7,13.23,0.48595158970425634,6
3,M4,0.78,0.61,6.4,42.4,12.55,0.5344590034744275,4
4,M5,0.94,0.88,3.6,62.2,16.91,0.6394652619740251,2
5,M6,0.88,0.77,6.5,51.5,14.91,0.7691319610282163,1
6,M7,0.66,0.44,5.3,48.9,13.83,0.507981710547581,5
7,M8,0.93,0.86,3.4,37.0,10.55,0.33110790327649675,8
